num_obstacles,SR,mean_SPL,CR,FR,mean_CoT,mean_steps,mean_L_actual,mean_L_star,mean_dist_to_goal,mean_reward,mean_path_dev,std_path_dev
5,1.0,0.9748660415950312,0.01,0.0,14.39860766724793,306.46,6.244707613565464,6.089804320111638,0.3441679530806823,2487.238508917947,0.1549032934538256,0.09175753076195657
10,0.98,0.9546424300581016,0.03,0.02,14.330733488389097,312.54,6.27850281736635,6.191362718280476,0.40799910737239925,2380.228498144444,0.08714009908587383,0.5817792728037774
15,0.96,0.9371889634178449,0.05,0.04,14.420020683350938,315.98,6.3033832413328685,6.28012050747741,0.4562154318283881,2327.0053639829284,0.02326273385545887,0.7105353714457493
20,0.94,0.9192812264537257,0.05,0.06,14.224974712383863,312.84,6.231708213399812,6.3331128119813345,0.5238363802275956,2285.9700949398803,-0.10140459858152287,1.1013982503996664
